COMPLEX_NAME,FACILITY_TYPE,TIER,ADDRESS,ORG,TYP_OF_ORG,STEWARD,OPER,LABEL,WEBSITE,PHONE,NOTES,GYM,GYMNAST_FAC,FITNSS_WGHT,FIT_STUDIO,MULTI_PURP_ROOMS,MEET_ROOMS,INDR_POOL,OUTDR_POOL,FW_25M,FW_50M,FW_18M,LANES_POOL,TEACH_POOL,WAVE_POOL,OTHER_POOL,INDR_WAD_POOL,DIVING_TANK,SPRINGBOARD,PLATFORM,DIVE_SLIDE,PLAY_SLIDE,ROPE_SWING,STEAM,HOT_TUB,SAUNA,CLIMB_WALL,TRACK_INDR,OUTDR_WAD_POOL,SPRAY_PARK,ICE_INDR,STAND_ICE,NHL_ICE,OLYMP_ICE,FIG_SKATING,CURL_RNK,CURL_SHEETS,INDR_SURFACE,INDR_TURF,DRY_PAD,RACQFAC_INDR,SQUASH_CRTS,RAQBALL_CRTS,BADMINT_CRTS,TENNIS_CRT,OUTDR_FIELD,ARTF_TURF_OUTDR,DIAM_FAC_OUTDR,TRACK_OUTDR,PUBLIC_GLF,SEMI_PRIV_GLF,HOLE_18,HOLE_9,DRIVERANG_OUTDR,DRIVERANG_INDR,SKI_NORDICTRCK,MUNICPAL_OP,NOTPROFIT_OP,PROFIT_OP,PRIVATE_OP
Huntington Hills CA,Arena,,520 78 AV NW,CA,Not-for-Profit,Parks,Huntington Hills CA,Huntington Hills CA,http://www.huntingtonhillscalgary.com/,403-275-6666,"Ice rink, curling (8 sheets), meeting room, main hall",0,N,N,0,0,1,N,N,0,0,0,0,N,N,N,N,N,N,N,0,0,N,N,N,N,N,N,N,N,Y,1,0,0,Y,Y,8,N,0,0,N,0,0,0,0,N,0,N,N,N,N,N,N,N,N,N,N,Y,N,N
Crowfoot Arena,Arena,,8080 JOHN LAURIE BV NW,CMHA,Not-for-Profit,Parks,Crowfoot Minor Hockey Assoc.,Crowfoot Arena,http://www.crowfootarena.com/,403-241-1818,Ice rink,0,N,N,0,0,0,N,N,0,0,0,0,N,N,N,N,N,N,N,0,0,N,N,N,N,N,N,N,N,Y,1,0,0,Y,N,0,N,0,0,N,0,0,0,0,N,0,N,N,N,N,N,N,N,N,N,N,Y,N,N
Carrington Skatepark,Skate Park,,37 CARRINGTON PZ NW,Parks,Municipal,Parks,Parks,Carrington Skatepark,https://www.calgary.ca/csps/recreation/skateparks.html,,,0,N,N,0,0,0,N,N,0,0,0,0,N,N,N,N,N,N,N,0,0,N,N,N,N,N,N,N,N,N,0,0,0,N,N,0,N,0,0,N,0,0,0,0,N,0,N,N,N,N,N,N,N,N,N,Y,N,N,N
Shane Homes YMCA at Rocky Ridge,Leisure Centre,,11300 ROCKY RIDGE RD NW,YMCA,Not-for-Profit,Recreation,YMCA Calgary,Shane Homes YMCA at Rocky Ridge,https://www.ymcacalgary.org/program-descriptions/locations/shane-homes-ymca-at-rocky-ridge/,403-351-6673,"25m pool, wave pool, 'lazy river', NHL ice, leisure rink, 3 gyms, strength and conditioning centre, 180m running track, climbing wall, 3 fitness studios",3,N,Y,3,0,0,Y,N,1,0,0,8,N,Y,N,N,N,N,N,0,0,N,N,Y,N,Y,Y,N,N,Y,0,1,0,N,N,0,N,0,0,N,0,0,0,0,N,0,N,N,N,N,N,N,N,N,N,N,Y,N,N
Flames Community Arenas,Arena,,2390 47 AV SW,SRG,Not-for-Profit,South West Arena Society,South West Arena Society,Flames Community Arenas,http://www.flamesca.com/site/3333/page.asp?Site=9879&LeagueID=9879&page=news_basic,403-243-8484,"Ice rink, 2 meeting rooms",0,N,N,0,0,2,N,N,0,0,0,0,N,N,N,N,N,N,N,0,0,N,N,N,N,N,N,N,N,Y,1,1,1,Y,N,0,N,0,0,N,0,0,0,0,N,0,N,N,N,N,N,N,N,N,N,N,Y,N,N
Riley Park Wading Pool,Outdoor Wading Pool,,800 12 ST NW,Parks,Municipal,Recreation,Recreation,Riley Park Wading Pool,https://www.calgary.ca/CSPS/Parks/Pages/Locations/NW-parks/Riley-Park.aspx,,,0,N,N,0,0,0,N,N,0,0,0,0,N,N,N,N,N,N,N,0,0,N,N,N,N,N,N,Y,N,N,0,0,0,N,N,0,N,0,0,N,0,0,0,0,N,0,N,N,N,N,N,N,N,N,N,Y,Y,N,N
Rose Kohn and Jimmy Condon Arenas,Arena,,502 HERITAGE DR SW,Recreation,Municipal,Recreation,Recreation,Rose Kohn Arena,https://www.calgary.ca/CSPS/Recreation/Pages/Arenas/Rose-Kohn-and-Jimmie-Condon.aspx,311,"185'x85' ice rink (220 seat cap), 2 meeting rooms",0,N,N,0,0,2,N,N,0,0,0,0,N,N,N,N,N,N,N,0,0,N,N,N,N,N,N,N,N,Y,1,0,0,N,N,0,N,0,0,N,0,0,0,0,N,0,N,N,N,N,N,N,N,N,N,Y,N,N,N
West Hillhurst CA,Arena,,1940 6 AV NW,CA,Not-for-Profit,Recreation,West Hillhurst CA,West Hillhurst CA,https://www.westhillhurst.com/,403-283-0464,"Ice rink / dry pad, gym, fitness/weights, dance studio, 3 squash courts, 3 tennis courts",1,N,Y,0,0,0,N,N,0,0,0,0,N,N,N,N,N,N,N,0,0,N,N,N,N,N,N,N,N,Y,1,0,0,N,N,0,Y,0,1,Y,3,0,0,3,N,0,N,N,N,N,N,N,N,N,N,N,Y,N,N
Forbes Innes Arena,Arena,,5600 CENTRE ST NE,CA,Not-for-Profit,Parks,Thorncliffe / Greenview CA,Forbes Innes Arena,https://www.tgcacalgary.com/,403-274-6840,"Ice rink / dry pad, gym, 2 fitness rooms, 4 meeting rooms",1,N,N,2,0,4,N,N,0,0,0,0,N,N,N,N,N,N,N,0,0,N,N,N,N,N,N,N,N,Y,1,0,0,Y,N,0,Y,0,1,N,0,1,0,0,N,0,N,N,N,N,N,N,N,N,N,N,Y,N,N
Acadia Recreation Complex,Arena,,240 90 AV SE,CA,Not-for-Profit,Parks,Acadia CA,Acadia Recreation Complex,http://www.acadiaca.com/acadia-recreation-complex/,403-255-1252,"Ice rink, curling (10 sheets), 5 squash and racquetball courts",0,N,N,0,0,0,N,N,0,0,0,0,N,N,N,N,N,N,N,0,0,N,N,N,N,N,N,N,N,Y,1,0,0,N,Y,10,Y,0,1,Y,5,5,0,0,N,0,N,N,N,N,N,N,N,N,N,N,Y,N,N
Ernie Starr Arena,Arena,,4808 14 AV SE,Recreation,Municipal,Recreation,Recreation,Ernie Starr Arena,https://www.calgary.ca/CSPS/Recreation/Pages/Arenas/Ernie-Starr.aspx,311,185'x85' ice rink (300 seat cap),0,N,N,0,0,0,N,N,0,0,0,0,N,N,N,N,N,N,N,0,0,N,N,N,N,N,N,N,N,Y,1,0,0,N,N,0,N,0,0,N,0,0,0,0,N,0,N,N,N,N,N,N,N,N,N,Y,N,N,N
Trico Centre for Family Wellness,Leisure Centre,,11150 BONAVENTURE DR SE,FLCASC,Not-for-Profit,Parks,Family Leisure Centre Assoc. of Southeast Calgary,Trico Centre for Family Wellness,https://www.tricocentre.ca/,403-278-7542,"2 ice rinks, running track, fitness/weights, gym, 3 fitness studios, hot tub, steam room, wave pool, meeting rooms",1,N,Y,2,5,6,Y,N,0,0,0,0,N,Y,N,N,N,N,N,0,0,N,Y,Y,N,N,Y,N,N,Y,0,2,0,N,N,0,N,0,0,N,0,0,0,0,N,0,Y,N,N,N,N,N,N,N,N,N,Y,N,N
Triwood CA,Arena,,2244 CHICOUTIMI DR NW,CA,Not-for-Profit,Parks,Triwood CA,Triwood CA,https://www.triwoodcommunity.com/,403-282-2677,Ice rink,0,N,N,0,0,0,N,N,0,0,0,0,N,N,N,N,N,N,N,0,0,N,N,N,N,N,N,N,N,Y,1,0,0,N,N,0,Y,0,1,N,0,0,0,0,N,0,N,N,N,N,N,N,N,N,N,N,Y,N,N
Glenmore Aquatic Centre,Aquatic - Flat Water,1,5330 19 ST SW,Recreation,Municipal,Water Resources,Recreation,Glenmore Aquatic Centre,https://www.calgary.ca/CSPS/Recreation/Pages/Pools/Glenmore.aspx,311,"25m pool (6 lane), 1m dive tank & 2m slide dive, hot tub, multi-purpose room",0,N,N,0,1,0,Y,N,1,0,0,6,N,N,N,N,Y,Y,N,1,0,N,N,Y,N,N,N,N,N,N,0,0,0,N,N,0,N,0,0,N,0,0,0,0,N,0,N,N,N,N,N,N,N,N,N,Y,N,N,N
Bowness Community Centre,Arena,,7904 43 AV NW,CA,Not-for-Profit,Parks,Bowness CA,Bowness Community Centre,https://www.mybowness.com/,403-288-8300,"Ice rink, meeting room, main hall",0,N,N,0,0,1,N,N,0,0,0,0,N,N,N,N,N,N,N,0,0,N,N,N,N,N,N,N,N,Y,0,1,0,N,N,0,Y,0,1,N,0,0,0,0,N,0,N,N,N,N,N,N,N,N,N,N,Y,N,N
Max Bell Centre,Arena,,1001 BARLOW TR SE,Recreation,Municipal,Recreation,Recreation,Perry Cavanagh Arena,https://www.calgary.ca/CSPS/Recreation/Pages/Arenas/Max-Bell-Centre.aspx,311,1 ice rink,0,N,N,0,0,0,N,N,0,0,0,0,N,N,N,N,N,N,N,0,0,N,N,N,N,N,N,N,N,Y,0,1,0,N,N,0,N,0,0,N,0,0,0,0,N,0,N,N,N,N,N,N,N,N,N,Y,N,N,N
Millennium Park,Skate Park,,1220 9 AV SW,Parks,Municipal,Parks,Parks,Millennium Park,https://www.calgary.ca/csps/parks/locations/downtown-parks/shaw-millennium-park.html,,,0,N,N,0,0,0,N,N,0,0,0,0,N,N,N,N,N,N,N,0,0,N,N,N,N,N,N,N,N,N,0,0,0,N,N,0,N,0,0,N,0,0,0,0,N,0,N,N,N,N,N,N,N,N,N,Y,N,N,N
Woodbine Athletic Park,Athletic Park,,96 WOODFIELD DR SW,Recreation,Municipal,Recreation,Recreation,Woodbine Athletic Park,https://www.calgary.ca/CSPS/Recreation/Pages/Athletic-parks/Woodbine-Athletic-Park.aspx,311,"2 soccer fields, 2 softball diamonds",0,N,N,0,0,0,N,N,0,0,0,0,N,N,N,N,N,N,N,0,0,N,N,N,N,N,N,N,N,N,0,0,0,N,N,0,N,0,0,N,0,0,0,0,Y,0,Y,N,N,N,N,N,N,N,N,Y,N,N,N
Killarney Aquatic & Recreation Centre,Aquatic & Recreation Centre,2,1919 29 ST SW,Recreation,Municipal,Recreation,Recreation,Killarney Aquatic & Recreation Centre,https://www.calgary.ca/CSPS/Recreation/Pages/Pools/Killarney.aspx,311,"25m pool (6 lane), teach pool, 1m dive tank, hot tub, steam room, fitness/weights, fitness studio, multi-purpose room",0,N,Y,0,1,0,Y,N,1,0,0,6,Y,N,N,N,Y,Y,N,0,0,N,Y,Y,N,N,N,N,N,N,0,0,0,N,N,0,N,0,0,N,0,0,0,0,N,0,N,N,N,N,N,N,N,N,N,Y,N,N,N
Rotary Park Spray Park,Spray Park,,617 1 ST NE,Parks,Municipal,Parks,Parks,Rotary Park Spray Park,https://www.calgary.ca/CSPS/Parks/Pages/Locations/NE-parks/Rotary-Park.aspx,,,0,N,N,0,0,0,N,N,0,0,0,0,N,N,N,N,N,N,N,0,0,N,N,N,N,N,N,N,Y,N,0,0,0,N,N,0,N,0,0,N,0,0,0,0,N,0,N,N,N,N,N,N,N,N,N,Y,Y,N,N
Frank McCool Arena,Arena,,1900 LAKE BONAVISTA DR SE,Recreation,Municipal,Recreation,Recreation,Frank McCool Arena,https://www.calgary.ca/CSPS/Recreation/Pages/Arenas/Frank-McCool.aspx,311,"185'x85' ice rink (250 seat cap), meeting room",0,N,N,0,0,1,N,N,0,0,0,0,N,N,N,N,N,N,N,0,0,N,N,N,N,N,N,N,N,Y,1,0,0,N,N,0,N,0,0,N,0,0,0,0,N,0,N,N,N,N,N,N,N,N,N,Y,N,N,N
Bowview Outdoor Pool & Wading Pool,Outdoor Pool,,1910 6 AV NW,COSPA,Not-for-Profit,Recreation,COSPA,Bowview Outdoor Pool & Wading Pool,https://www.hsca.ca/bowview-swimming-pool,403-221-3571,"25m pool (6 lane), wading pool",0,N,N,0,0,0,N,Y,1,0,0,6,N,N,N,N,N,N,N,0,0,N,N,N,N,N,N,Y,N,N,0,0,0,N,N,0,N,0,0,N,0,0,0,0,N,0,N,N,N,N,N,N,N,N,N,Y,Y,N,N
Ernest Manning Athletic Park,Athletic Park,,20 SPRINGBOROUGH BV SW,Recreation,Municipal,Parks,Recreation,Ernest Manning Athletic Park,https://www.calgary.ca/CSPS/Recreation/Pages/Athletic-parks/Ernest-Manning-athletic-park.aspx,311,"Artificial turf for football, soccer, field lacrosse, ultimate, field hockey, rugby, special events/tournaments",0,N,N,0,0,0,N,N,0,0,0,0,N,N,N,N,N,N,N,0,0,N,N,N,N,N,N,N,N,N,0,0,0,N,N,0,N,0,0,N,0,0,0,0,Y,1,N,N,N,N,N,N,N,N,N,Y,N,N,N
Ed Whalen and Joseph Kryczka Arenas,Arena,,2000 SOUTHLAND DR SW,Recreation,Municipal,Recreation,Recreation,Ed Whalen Arena,https://www.calgary.ca/csps/recreation/leisure-centres/southland/arenas-southland-leisure-centre.html,311,"189'x85' ice rink (388 seat cap), pro shop",0,N,N,0,0,0,N,N,0,0,0,0,N,N,N,N,N,N,N,0,0,N,N,N,N,N,N,N,N,Y,1,0,0,N,N,0,N,0,0,N,0,0,0,0,N,0,N,N,N,N,N,N,N,N,N,Y,N,N,N
Village Square and Wally Kozak Arenas,Arena,,2623 56 ST NE,Recreation,Municipal,Recreation,Recreation,Wally Kozak Arena,https://www.calgary.ca/csps/recreation/leisure-centres/village-square/arenas-village-square-leisure-centre.html,311,185'x85' ice rink,0,N,N,0,0,0,N,N,0,0,0,0,N,N,N,N,N,N,N,0,0,N,N,N,N,N,N,N,N,Y,1,0,0,N,N,0,N,0,0,N,0,0,0,0,N,0,N,N,N,N,N,N,N,N,N,Y,N,N,N
Millican-Ogden Outdoor Pool,Outdoor Pool,,6901 20A ST SE,COSPA,Not-for-Profit,Recreation,COSPA,Millican-Ogden Outdoor Pool,,403-221-3598,25m pool (8 lane),0,N,N,0,0,0,N,Y,1,0,0,8,N,N,N,N,N,N,N,0,0,N,N,N,N,N,N,N,N,N,0,0,0,N,N,0,N,0,0,N,0,0,0,0,N,0,N,N,N,N,N,N,N,N,N,Y,Y,N,N
Carburn Park,Outdoor Skating Rink,,67 RIVERVIEW DR SE,Parks,Municipal,Parks,Parks,Carburn Park,https://www.calgary.ca/CSPS/Parks/Pages/Locations/SE-parks/Carburn-Park.aspx,,,0,N,N,0,0,0,N,N,0,0,0,0,N,N,N,N,N,N,N,0,0,N,N,N,N,N,N,N,N,N,0,0,0,N,N,0,N,0,0,N,0,0,0,0,N,0,N,N,N,N,N,N,N,N,N,Y,N,N,N
West Confederation Park Spray Park,Spray Park,,2020 CHICOUTIMI DR SW,Parks,Municipal,Parks,Parks,West Confederation Park Spray Park,https://www.calgary.ca/csps/parks/locations/nw-parks/west-confederation-park.html,<Null>,,0,N,N,0,0,0,N,N,0,0,0,0,N,N,N,N,N,N,N,0,0,N,N,N,N,N,N,N,Y,N,0,0,0,N,N,0,N,0,0,N,0,0,0,0,N,0,N,N,N,N,N,N,N,N,N,Y,Y,N,N
Rose Kohn and Jimmy Condon Arenas,Arena,,502 HERITAGE DR SW,Recreation,Municipal,Recreation,Recreation,Jimmy Condon Arena,https://www.calgary.ca/csps/recreation/arenas/jimmie-condon-arena.html,311,185'x85' ice rink (60 seat cap),0,N,N,0,0,0,N,N,0,0,0,0,N,N,N,N,N,N,N,0,0,N,N,N,N,N,N,N,N,Y,1,0,0,N,N,0,N,0,0,N,0,0,0,0,N,0,N,N,N,N,N,N,N,N,N,Y,N,N,N
New Brighton Athletic Park,Athletic Park,,5801 130 AV SE,Recreation,Municipal,Recreation,Recreation,New Brighton Athletic Park,https://www.calgary.ca/CSPS/Recreation/Pages/Research-and-development/New-Brighton-Regional-Athletic-Park.aspx,311,"4 multi-sport natural turf (2 football/rugby & 2 soccer/lacrosse/ultimate/field hockey), natural turf diamond, regional trail through park & 2 playgrounds",0,N,N,0,0,0,N,N,0,0,0,0,N,N,N,N,N,N,N,0,0,N,N,N,N,N,N,N,N,N,0,0,0,N,N,0,N,0,0,N,0,0,0,0,Y,0,Y,N,N,N,N,N,N,N,N,Y,N,N,N
New Brighton Skatepark,Skate Park,,5801 130 AV SE,Parks,Municipal,Recreation,Parks,New Brighton Skatepark,https://www.calgary.ca/csps/recreation/skateparks.html,,,0,N,N,0,0,0,N,N,0,0,0,0,N,N,N,N,N,N,N,0,0,N,N,N,N,N,N,N,N,N,0,0,0,N,N,0,N,0,0,N,0,0,0,0,N,0,N,N,N,N,N,N,N,N,N,N,N,N,N
Mount Pleasant Sportsplex,Arena,,2408 6 ST NW,CA,Not-for-Profit,Parks,Mount Pleasant CA,Mount Pleasant Sportsplex,https://www.mpca.ca/index.php?option=com_content&view=article&id=59&Itemid=44,403-282-1314,Ice rink,0,N,N,0,0,0,N,N,0,0,0,0,N,N,N,N,N,N,N,0,0,N,N,N,N,N,N,N,N,Y,1,0,0,N,N,0,N,0,0,N,0,0,0,0,N,0,N,N,N,N,N,N,N,N,N,N,Y,N,N
Big Marlborough Park,Outdoor Skating Rink,,755 MADEIRA DR NE,Parks,Municipal,Parks,Parks,Big Marlborough Park,https://www.calgary.ca/CSPS/Parks/Pages/Locations/NE-parks/Big-Marlborough-Park.aspx,,,0,N,N,0,0,0,N,N,0,0,0,0,N,N,N,N,N,N,N,0,0,N,N,N,N,N,N,N,N,N,0,0,0,N,N,0,N,0,0,N,0,0,0,0,N,0,N,N,N,N,N,N,N,N,N,Y,N,N,N
Sir Winston Churchill Aquatic & Recreation Centre,Aquatic & Recreation Centre,2,1520 NORTHMOUNT DR NW,Recreation,Municipal,Recreation,Recreation,Sir Winston Churchill Aquatic & Recreation Centre,https://www.calgary.ca/CSPS/Recreation/Pages/Pools/Sir-Winston-Churchill.aspx,311,"25m pool (6 lane), hot tub, steam room, weight room",0,N,Y,0,0,0,Y,N,1,0,0,6,N,N,N,N,N,N,N,0,0,N,Y,Y,N,N,N,N,N,N,0,0,0,N,N,0,N,0,0,N,0,0,0,0,N,0,N,N,N,N,N,N,N,N,N,Y,N,N,N
Silver Springs Outdoor Pool,Outdoor Pool,,5720 SILVER RIDGE DR NW,COSPA,Not-for-Profit,Recreation,Silver Springs CA,Silver Springs Outdoor Pool,https://silverspringscommunity.ca/pool/,403-288-2616,Outdoor pool,0,N,N,0,0,0,N,Y,1,0,0,6,N,N,N,N,N,N,N,0,0,N,N,N,N,N,N,N,N,N,0,0,0,N,N,0,N,0,0,N,0,0,0,0,N,0,N,N,N,N,N,N,N,N,N,Y,Y,N,N
Brookfield Residential YMCA at Seton,Leisure Centre,,4995 MARKET ST SE,YMCA,Not-for-Profit,Recreation,YMCA Calgary,Brookfield Residential YMCA at Seton,https://www.ymcacalgary.org/program-descriptions/locations/brookfield-residential-ymca-at-seton/,403-351-5262,"50m pool, diving, water park, leisure pool, 2 ice rinks, 3 gyms, fitness centre, fitness/aerobics studios, 200m track",3,N,Y,1,1,1,Y,N,0,1,0,10,N,N,Y,N,N,N,Y,0,0,N,Y,Y,N,N,Y,N,N,Y,0,2,0,N,N,0,N,0,0,N,0,0,0,0,N,0,N,N,N,N,N,N,N,N,N,N,Y,N,N
Wildflower Arts Centre,Art Centre,,3363 SPRUCE DR SW,Recreation,Municipal,Private,Recreation,Wildflower Arts Centre,https://www.calgary.ca/CSPS/Recreation/Pages/Arts-centres/Wildflower.aspx,403-249-3773,,0,N,N,0,0,0,N,N,0,0,0,0,N,N,N,N,N,N,N,0,0,N,N,N,N,N,N,N,N,N,0,0,0,N,N,0,N,0,0,N,0,0,0,0,N,0,N,N,N,N,N,N,N,N,N,Y,N,N,N
Vivo for Healthier Generations,Leisure Centre,,11950 COUNTRY VILLAGE LI NE,VHGS,Not-for-Profit,Recreation,Vivo for Healthier Generations Society,Vivo for Healthier Generations,https://www.vivo.ca/,403-532-1013,"2 ice rinks, 2 - 25m pools, tots pool, fitness/weights, 3 gyms, badminton, climbing wall, multi-purpose room, steam room, hot tub",3,N,Y,0,0,1,Y,N,1,0,0,2,N,N,N,Y,N,N,N,0,0,N,Y,Y,N,Y,N,N,N,Y,0,2,0,N,N,0,N,0,0,Y,0,0,3,0,Y,0,N,N,N,N,N,N,N,N,N,N,Y,N,N
Bowness Skatepark,Skate Park,,4324 77 ST NW,Parks,Municipal,Parks,Parks,Bowness Skatepark,https://www.calgary.ca/csps/recreation/skateparks.html,,,0,N,N,0,0,0,N,N,0,0,0,0,N,N,N,N,N,N,N,0,0,N,N,N,N,N,N,N,N,N,0,0,0,N,N,0,N,0,0,N,0,0,0,0,N,0,N,N,N,N,N,N,N,N,N,Y,N,N,N
Forest Lawn Athletic Park,Athletic Park,,4808 14 AV SE,Recreation,Municipal,Recreation,Recreation,Forest Lawn Athletic Park,https://www.calgary.ca/CSPS/Recreation/Pages/Athletic-parks/Forest-Lawn-Athletic-Park.aspx,311,Soccer,0,N,N,0,0,0,N,N,0,0,0,0,N,N,N,N,N,N,N,0,0,N,N,N,N,N,N,N,N,N,0,0,0,N,N,0,N,0,0,N,0,0,0,0,Y,0,N,N,N,N,N,N,N,N,N,Y,N,N,N
Westside Recreation Centre,Leisure Centre,,2000 69 ST SW,Westside Rec.,Not-for-Profit,Recreation,Westside Regional Recreation Society,Westside Recreation Centre,https://www.westsiderec.com/,403-531-5875,"Ice rink, waterslide, lazy river, tot pool, slide, climbing wall, fitness/weights, fitness studio, track, 2 gyms, hot tub, water slide, steam room, wave pool",3,N,Y,5,0,0,Y,N,1,0,0,4,N,Y,N,Y,N,N,N,0,1,N,Y,Y,N,Y,Y,N,N,Y,0,1,0,N,N,0,N,0,0,N,0,0,2,0,Y,0,N,N,N,N,N,N,N,N,N,N,Y,N,N
Variety Park Spray Park,Spray Park,,9035 24 ST SW,Parks,Municipal,Water Resources,Parks,Variety Park Spray Park,https://www.calgary.ca/CSPS/Parks/Pages/Locations/SW-parks/South-Glenmore-Park.aspx,,,0,N,N,0,0,0,N,N,0,0,0,0,N,N,N,N,N,N,N,0,0,N,N,N,N,N,N,N,Y,N,0,0,0,N,N,0,N,0,0,N,0,0,0,0,N,0,N,N,N,N,N,N,N,N,N,Y,Y,N,N
Prince's Island Lagoon,Outdoor Skating Rink,,25 PRINCE'S ISLAND PARK SW,Parks,Municipal,Parks,Parks,Prince's Island Lagoon,https://www.calgary.ca/CSPS/Parks/Pages/Locations/Downtown-parks/Princes-Island-Park.aspx,,,0,N,N,0,0,0,N,N,0,0,0,0,N,N,N,N,N,N,N,0,0,N,N,N,N,N,N,N,N,N,0,0,0,N,N,0,N,0,0,N,0,0,0,0,N,0,N,N,N,N,N,N,N,N,N,Y,N,N,N
Shawnessy YMCA,Leisure Centre,,#400 333 SHAWVILLE BV SE,YMCA,Not-for-Profit,Parks,YMCA Calgary,Shawnessy YMCA,https://www.ymcacalgary.org/program-descriptions/locations/shawnessy/,403-256-5533,"Pool, teach pool, fitness/weights, gym, running track, fitness studio, multi-purpose room, climbing wall, hot tub, steam rooms",1,N,Y,1,1,0,Y,N,1,0,0,6,Y,N,N,N,N,N,N,0,0,N,Y,Y,N,Y,Y,N,N,N,0,0,0,N,N,0,N,0,0,N,0,0,0,0,N,0,N,N,N,N,N,N,N,N,N,N,Y,N,N
Fox Hollow Golf Course,Golf Course - Public,,999 32 AV NE,Private,Profit,Parks,Fox Hollow Golf Course,Fox Hollow Golf Course,https://www.foxhollowcalgary.com/,403-277-4653,"18 hole, indoor driving range",0,N,N,0,0,0,N,N,0,0,0,0,N,N,N,N,N,N,N,0,0,N,N,N,N,N,N,N,N,N,0,0,0,N,N,0,N,0,0,N,0,0,0,0,N,0,N,N,Y,N,Y,N,N,Y,N,N,Y,N,Y
Shouldice Aquatic Centre,Aquatic - Flat Water,1,5303 BOWNESS RD NW,Recreation,Municipal,Recreation,Recreation,Shouldice Aquatic Centre,https://www.calgary.ca/CSPS/Recreation/Pages/Pools/Shouldice.aspx,311,"25m pool (6 lane), 1.5m slide, 1m & 3m dive, steam room",0,N,N,0,0,0,Y,N,1,0,0,6,N,N,N,N,Y,Y,N,1,0,N,Y,N,N,N,N,N,N,N,0,0,0,N,N,0,N,0,0,N,0,0,0,0,N,0,N,N,N,N,N,N,N,N,N,Y,N,N,N
Max Bell Centre,Arena,,1001 BARLOW TR SE,Recreation,Municipal,Recreation,Recreation,Ken Bracko Arena,https://www.calgary.ca/csps/recreation/arenas/ken-bracko-arena/facility-features---ken-bracko-arena.html,311,"1 ice rink (2121 seat cap), 3 meeting rooms",0,N,N,0,0,3,N,N,0,0,0,0,N,N,N,N,N,N,N,0,0,N,N,N,N,N,Y,N,N,Y,0,0,1,N,N,0,Y,0,1,N,0,0,0,0,N,0,N,N,N,N,N,N,N,N,N,Y,N,N,N
Father David Bauer and Norma Bush Arenas,Arena,,2424 UNIVERSITY DR NW,Recreation,Municipal,Recreation,Recreation,Father David Bauer Arena,https://www.calgary.ca/CSPS/Recreation/Pages/Arenas/Father-David-Bauer-and-Norma-Bush.aspx,311,"200'x100' ice rink (1750 seat cap), meeting room",0,N,N,0,0,1,N,N,0,0,0,0,N,N,N,N,N,N,N,0,0,N,N,N,N,N,N,N,N,Y,0,0,1,N,N,0,Y,0,1,N,0,0,0,0,N,0,N,N,N,N,N,N,N,N,N,Y,N,N,N
N.E. Community Skatepark,Skate Park,,7556 FALCONRIDGE BV NE,Parks,Municipal,Recreation,Parks,N.E. Community Skatepark,https://www.calgary.ca/csps/recreation/skateparks.html,,,0,N,N,0,0,0,N,N,0,0,0,0,N,N,N,N,N,N,N,0,0,N,N,N,N,N,N,N,N,N,0,0,0,N,N,0,N,0,0,N,0,0,0,0,N,0,N,N,N,N,N,N,N,N,N,Y,N,N,N
Genesis Artificial Turf,Artificial Turf,,7556 FALCONRIDGE BV NE,Genesis,Not-for-Profit,Recreation,North East Centre of Community Society,Genesis Artificial Turf,https://genesis-centre.ca/sport_venue/,403-590-2833,artificial turf,0,N,N,0,0,0,N,N,0,0,0,0,N,N,N,N,N,N,N,0,0,N,N,N,N,N,N,N,N,N,0,0,0,N,N,0,N,0,0,N,0,0,0,0,N,1,N,N,N,N,N,N,N,N,N,N,Y,N,N
Maple Ridge Golf Course,Golf Course - Municipal,,1240 MAPLEGLADE DR SE,Recreation,Municipal,Recreation,Recreation,Maple Ridge Golf Course,https://www.calgary.ca/CSPS/Recreation/Pages/Golf-courses/Maple-Ridge.aspx,403-300-1004,"18 hole, practice putting green",0,N,N,0,0,0,N,N,0,0,0,0,N,N,N,N,N,N,N,0,0,N,N,N,N,N,N,N,N,N,0,0,0,N,N,0,N,0,0,N,0,0,0,0,N,0,N,N,Y,N,Y,N,N,N,Y,Y,N,N,N
Crowchild Twin Arenas,Arena,,185 SCENIC ACRES DR NW,CTAA,Not-for-Profit,Parks,Crowchild Twin Arena Assoc.,Crowchild Twin Arenas,http://www.crowchildtwinarena.net/,403-239-0171,"2 ice rinks, 2 meeting rooms",0,N,N,0,0,2,N,N,0,0,0,0,N,N,N,N,N,N,N,0,0,N,N,N,N,N,N,N,N,Y,2,0,0,N,N,0,N,0,0,N,0,0,0,0,N,0,N,N,N,N,N,N,N,N,N,N,Y,N,N
CKE Skatepark,Skate Park,,1015 73 AV SW,Parks,Municipal,Parks,Parks,CKE Skatepark,https://www.calgary.ca/csps/recreation/skateparks.html,,,0,N,N,0,0,0,N,N,0,0,0,0,N,N,N,N,N,N,N,0,0,N,N,N,N,N,N,N,N,N,0,0,0,N,N,0,N,0,0,N,0,0,0,0,N,0,N,N,N,N,N,N,N,N,N,Y,N,N,N
Calgary Canoe Club,Canoe & Rowing Club,,7550 CROWCHILD TR SW,SRG,Not-for-Profit,Parks,Calgary Canoe Club,Calgary Canoe Club,https://calgarycanoeclub.com/,403-246-5757,,0,N,N,0,0,0,N,N,0,0,0,0,N,N,N,N,N,N,N,0,0,N,N,N,N,N,N,N,N,N,0,0,0,N,N,0,N,0,0,N,0,0,0,0,N,0,N,N,N,N,N,N,N,N,N,N,Y,N,N
Shouldice Athletic Park,Athletic Park,,1515 HOME RD NW,Recreation,Municipal,Recreation,Recreation,Shouldice Athletic Park,https://www.calgary.ca/CSPS/Recreation/Pages/Athletic-parks/Shouldice-Athletic-Park.aspx,311,"3 artificial turf fields, 4 soccer fields, 5 softball diamonds, 3 soccer/football fields, 1 baseball diamond, 4 softball fields w/ fence/lights",0,N,N,0,0,0,N,N,0,0,0,0,N,N,N,N,N,N,N,0,0,N,N,N,N,N,N,N,N,N,0,0,0,N,N,0,N,0,0,N,0,0,0,0,Y,3,Y,N,N,N,N,N,N,N,N,Y,N,N,N
Great Plains Recreation Facility,Arena,,5749 76 AV SE,CFSDA,Not-for-Profit,Recreation,Canlan Ice Sports,Great Plains Recreation Facility,https://www.cfsda.ca/,403-476-5500,"2 ice surfaces, meeting room, dryland training space",0,N,N,0,0,0,N,N,0,0,0,0,N,N,N,N,N,N,N,0,0,N,N,N,N,N,N,N,N,Y,2,0,0,N,N,0,N,0,0,N,0,0,0,0,N,0,N,N,N,N,N,N,N,N,N,N,N,N,N
Vecova Centre for Disability Services and Research,Leisure Centre,,3304 33 ST NW,Vecova,Not-for-Profit,RE&DS (CLA),Vecova Centre for Disability Services and Research,Vecova Centre for Disability Services and Research,https://vecova.ca/social-enterprise/recreation-centre/,403-284-2231,"Salt-water pool, gym, 3 studios, 3 multi-purpose rooms",1,N,N,3,3,0,Y,N,0,0,0,0,N,N,Y,N,N,N,N,0,0,N,N,N,N,N,N,N,N,N,0,0,0,N,N,0,N,0,0,N,0,0,0,0,N,0,N,N,N,N,N,N,N,N,N,N,Y,N,N
Foothills Aquatic Centre,Aquatic - Flat Water,1,2424 UNIVERSITY DR NW,Recreation,Municipal,Recreation,Recreation,Foothills Aquatic Centre,https://www.calgary.ca/CSPS/Recreation/Pages/Pools/Foothills.aspx,311,"25m pool (6 lane), wading pool, dive pool w/ 1.5m slide",0,N,N,0,0,0,Y,N,1,0,0,6,N,N,N,Y,Y,N,N,1,0,N,N,N,N,N,N,N,N,N,0,0,0,N,N,0,N,0,0,N,0,0,0,0,N,0,N,N,N,N,N,N,N,N,N,Y,N,N,N
Prairie Winds Park,Outdoor Skating Rink,,223 CASTLERIDGE BV NE,Parks,Municipal,Parks,Parks,Prairie Winds Park,https://www.calgary.ca/CSPS/Parks/Pages/Locations/NE-parks/Prairie-Winds-Park.aspx,,Closed for renovations,0,N,N,0,0,0,N,N,0,0,0,0,N,N,N,N,N,N,N,0,0,N,N,N,N,N,N,N,N,N,0,0,0,N,N,0,N,0,0,N,0,0,0,0,N,0,N,N,N,N,N,N,N,N,N,Y,N,N,N
Acadia Athletic Park,Athletic Park,,295 90 AV SE,Recreation,Municipal,Recreation,Recreation,Acadia Athletic Park,https://www.calgary.ca/CSPS/Recreation/Pages/Athletic-parks/Acadia-Athletic-Park.aspx,311,"Sports field, two flag football fields",0,N,N,0,0,0,N,N,0,0,0,0,N,N,N,N,N,N,N,0,0,N,N,N,N,N,N,N,N,N,0,0,0,N,N,0,N,0,0,N,0,0,0,0,Y,0,N,N,N,N,N,N,N,N,N,Y,N,N,N
Foothills Athletic Park,Athletic Park,,2424 UNIVERSITY DR NW,Recreation,Municipal,Recreation,Recreation,Foothills Athletic Park,https://www.calgary.ca/CSPS/Recreation/Pages/Athletic-parks/Foothills-Athletic-Park.aspx,311,"Little league diamond, 4 soccer fields, track, long jump, pole vault, discus, javelin, shot put, 8 tennis courts",0,N,N,0,0,0,N,N,0,0,0,0,N,N,N,N,N,N,N,0,0,N,N,N,N,N,N,N,N,N,0,0,0,N,N,0,N,0,0,N,0,0,0,8,Y,0,Y,Y,N,N,N,N,N,N,N,Y,N,N,N
Inglewood Aquatic Centre,Aquatic - Flat Water,1,1525 17 AV SE,Recreation,Municipal,Recreation,Recreation,Inglewood Aquatic Centre,https://www.calgary.ca/CSPS/Recreation/Pages/Pools/Inglewood.aspx,311,"25m pool (6 lane),  aquatic climbing wall, 2m slide, rope swing",0,N,N,0,0,0,Y,N,1,0,0,6,N,N,N,N,N,N,N,0,1,Y,N,N,N,Y,N,N,N,N,0,0,0,N,N,0,N,0,0,N,0,0,0,0,N,0,N,N,N,N,N,N,N,N,N,Y,N,N,N
Shouldice Arena,Arena,,1515 HOME RD NW,Recreation,Municipal,Recreation,Recreation,Shouldice Arena,https://www.calgary.ca/CSPS/Recreation/Pages/Arenas/Shouldice.aspx,311,185'x85' ice rink / dry pad (150 seat cap),0,N,N,0,0,0,N,N,0,0,0,0,N,N,N,N,N,N,N,0,0,N,N,N,N,N,N,N,N,Y,1,0,0,N,N,0,Y,0,1,N,0,0,0,0,N,0,N,N,N,N,N,N,N,N,N,Y,N,N,N
Stew Hendry and Henry Viney Arenas,Arena,,810 13 AV NE,Recreation,Municipal,Recreation,Recreation,Stew Hendry Arena,https://www.calgary.ca/CSPS/Recreation/Pages/Arenas/Stew-Hendry-and-Henry-Viney.aspx,311,185'x85' ice rink (400 seat cap),0,N,N,0,0,0,N,N,0,0,0,0,N,N,N,N,N,N,N,0,0,N,N,N,N,N,N,N,N,Y,1,0,0,N,N,0,Y,0,1,N,0,0,0,0,N,0,N,N,N,N,N,N,N,N,N,Y,N,N,N
Rocky Ridge Skatepark,Skate Park,,11300 ROCKY RIDGE RD NW,Parks,Municipal,Recreation,Shane Homes YMCA at Rocky Ridge,Rocky Ridge Skatepark,,,,0,N,N,0,0,0,N,N,0,0,0,0,N,N,N,N,N,N,N,0,0,N,N,N,N,N,N,N,N,N,0,0,0,N,N,0,N,0,0,N,0,0,0,0,N,0,N,N,N,N,N,N,N,N,N,N,Y,N,N
Southwood Skatepark,Skate Park,,11 SACKVILLE DR SW,Parks,Municipal,Parks,Parks,Southwood Skatepark,https://www.calgary.ca/csps/recreation/skateparks.html,,,0,N,N,0,0,0,N,N,0,0,0,0,N,N,N,N,N,N,N,0,0,N,N,N,N,N,N,N,N,N,0,0,0,N,N,0,N,0,0,N,0,0,0,0,N,0,N,N,N,N,N,N,N,N,N,Y,N,N,N
Lakeview Golf Course,Golf Course - Municipal,,5840 19 ST SW,Recreation,Municipal,Recreation,Recreation,Lakeview Golf Course,https://www.calgary.ca/CSPS/Recreation/Pages/Golf-courses/Lakeview.aspx,403-300-1003,"9 hole, practice putting green",0,N,N,0,0,0,N,N,0,0,0,0,N,N,N,N,N,N,N,0,0,N,N,N,N,N,N,N,N,N,0,0,0,N,N,0,N,0,0,N,0,0,0,0,N,0,N,N,Y,N,N,Y,N,N,N,Y,N,N,N
Village Square Leisure Centre,Leisure Centre - Municipal,,2623 56 ST NE,Recreation,Municipal,Recreation,Recreation,Village Square Leisure Centre,https://www.calgary.ca/CSPS/Recreation/Pages/Leisure-centres/Village-Square.aspx,403-366-3900,"2 ice rinks, wave pool, slides, dive tank, hot tub, steam room, Splash Zone, gym, weight room, dance studio, fitness rooms",1,N,Y,2,0,2,Y,N,0,0,0,0,N,Y,N,N,Y,Y,N,0,3,Y,Y,Y,N,N,N,N,N,N,2,0,0,N,N,0,Y,0,2,N,0,0,0,0,N,0,N,N,N,N,N,N,N,N,N,Y,N,N,N
Renfrew Aquatic & Recreation Centre,Aquatic & Recreation Centre,2,810 13 AV NE,Recreation,Municipal,Recreation,Recreation,Renfrew Aquatic & Recreation Centre,https://www.calgary.ca/CSPS/Recreation/Pages/Pools/Renfrew.aspx,311,"25m pool (6 lane), dive pool w/ 1m board, hot tub, steam room, fitness/weight",0,N,Y,0,0,0,Y,N,1,0,0,6,N,N,N,N,Y,Y,N,0,0,N,Y,Y,N,N,N,N,N,N,0,0,0,N,N,0,N,0,0,N,0,0,0,0,N,0,N,N,N,N,N,N,N,N,N,Y,N,N,N
Prairie Winds Park Wading Pool & Spray Park,Outdoor Wading Pool,,223 CASTLERIDGE BV NE,Parks,Municipal,Parks,Parks,Prairie Winds Park Wading Pool & Spray Park,https://www.calgary.ca/CSPS/Parks/Pages/Locations/NE-parks/Prairie-Winds-Park.aspx,,,0,N,N,0,0,0,N,N,0,0,0,0,N,N,N,N,N,N,N,0,0,N,N,N,N,N,N,Y,Y,N,0,0,0,N,N,0,N,0,0,N,0,0,0,0,N,0,N,N,N,N,N,N,N,N,N,Y,Y,N,N
Optimist and George Blundun Arenas,Arena,,5020 26 AV SW,Recreation,Municipal,Recreation,Recreation,Optimist Arena,https://www.calgary.ca/CSPS/Recreation/Pages/Arenas/Optimist-and-George-Blundun.aspx,311,185'x85' ice rink (300 seat cap) meeting room,0,N,N,0,0,1,N,N,0,0,0,0,N,N,N,N,N,N,N,0,0,N,N,N,N,N,N,N,N,Y,1,0,0,N,N,0,Y,0,1,N,0,0,0,0,N,0,N,N,N,N,N,N,N,N,N,Y,N,N,N
South Calgary Outdoor Pool,Outdoor Pool,,1626 32 AV SW,COSPA,Not-for-Profit,Recreation,COSPA,South Calgary Outdoor Pool,,403-245-0379,23m pool (6 lane),0,N,N,0,0,0,N,Y,1,0,0,6,N,N,N,N,N,N,N,0,0,N,N,N,N,N,N,N,N,N,0,0,0,N,N,0,N,0,0,N,0,0,0,0,N,0,N,N,N,N,N,N,N,N,N,Y,Y,N,N
Deer Run Skatepark,Skate Park,,2223 146 AV SE,Parks,Municipal,Parks,Parks,Deer Run Skatepark,https://www.calgary.ca/csps/recreation/skateparks.html,,,0,N,N,0,0,0,N,N,0,0,0,0,N,N,N,N,N,N,N,0,0,N,N,N,N,N,N,N,N,N,0,0,0,N,N,0,N,0,0,N,0,0,0,0,N,0,N,N,N,N,N,N,N,N,N,Y,N,N,N
The Winston Golf Club,Golf Course - Semi-Private,,2502 6 ST NE,Private,Profit,Parks,The Winston Golf Club,The Winston Golf Club,https://thewinstongolfclub.com/,403-984-1700,"18 hole, driving range",0,N,N,0,0,0,N,N,0,0,0,0,N,N,N,N,N,N,N,0,0,N,N,N,N,N,N,N,N,N,0,0,0,N,N,0,N,0,0,N,0,0,0,0,N,0,N,N,N,Y,Y,N,Y,N,N,N,N,Y,Y
East Calgary Twin Arenas,Arena,,299 ERIN WOODS DR SE,ECTAS,Not-for-Profit,Parks,East Calgary Twin Arena Society,East Calgary Twin Arenas,http://eastcalgary.ca/,403-273-8919,2 ice rinks,0,N,N,0,0,0,N,N,0,0,0,0,N,N,N,N,N,N,N,0,0,N,N,N,N,N,N,N,N,Y,2,0,0,N,N,0,N,0,0,N,0,0,0,0,N,0,N,N,N,N,N,N,N,N,N,N,Y,N,N
Melcor YMCA at Crowfoot,Leisure Centre,,8100 JOHN LAURIE BV NW,YMCA,Not-for-Profit,Parks,YMCA Calgary,Melcor YMCA at Crowfoot,https://www.ymcacalgary.org/program-descriptions/locations/crowfoot/,403-547-6576,"25m pool, teach pool, fitness/weights, gym, fitness studio, multi-purpose rooms, steam rooms, hot tubs",1,N,Y,1,2,0,Y,N,1,0,0,6,Y,N,N,N,N,N,N,0,0,N,Y,Y,N,N,N,N,N,N,0,0,0,N,N,0,N,0,0,N,0,0,0,0,N,0,N,N,N,N,N,N,N,N,N,N,Y,N,N
Cardel Rec South,Arena,,#101 333 SHAWVILLE BV SE,SFCRA,Not-for-Profit,Parks,South Fish Creek Rec Association,Cardel Rec South,https://www.sfcra.com/,403-201-8652,"4 ice rinks, gymnasium, 3 multi-purpose meeting rooms, Shawnessy YMCA",1,N,N,0,3,3,N,N,0,0,0,0,N,N,N,N,N,N,N,0,0,N,N,N,N,N,N,N,N,Y,0,4,0,N,N,0,N,0,0,N,0,0,0,0,N,0,N,N,N,N,N,N,N,N,N,N,Y,N,N
Somerset Spray Park,Spray Park,,999 SOMERSET DR SW,CA,Not-for-Profit,Parks,CA,Somerset Spray Park,https://somersetwaterpark.org/,,,0,N,N,0,0,0,N,N,0,0,0,0,N,N,N,N,N,N,N,0,0,N,N,N,N,N,N,N,Y,N,0,0,0,N,N,0,N,0,0,N,0,0,0,0,N,0,N,N,N,N,N,N,N,N,N,N,N,N,N
Glenmore Sailing School,Sailing School,,8003 14 ST SW,Recreation,Municipal,Water Resources,Recreation,Glenmore Sailing School,https://www.calgary.ca/CSPS/Recreation/Pages/Sailing-school/Glenmore-Sailing-School.aspx,311,,0,N,N,0,0,0,N,N,0,0,0,0,N,N,N,N,N,N,N,0,0,N,N,N,N,N,N,N,N,N,0,0,0,N,N,0,N,0,0,N,0,0,0,0,N,0,N,N,N,N,N,N,N,N,N,Y,N,N,N
Lake Bonavista CA,Arena,,1401 ACADIA DR SE,CA,Not-for-Profit,Recreation,Lake Bonavista CA,Lake Bonavista CA,http://thelbca.ca/,403-271-7107,"2 ice rinks, gym, fitness studio, meeting rooms",1,N,N,1,0,2,N,N,0,0,0,0,N,N,N,N,N,N,N,0,0,N,N,N,N,N,N,N,N,Y,2,0,0,Y,N,0,N,0,0,N,0,0,4,0,N,0,N,N,N,N,N,N,N,N,N,N,Y,N,N
Pop Davies Athletic Park,Athletic Park,,6415 OGDEN RD SE,Recreation,Municipal,Recreation,Recreation,Pop Davies Athletic Park,https://www.calgary.ca/CSPS/Recreation/Pages/Athletic-parks/Pop-Davies-Athletic-Park.aspx,311,"2 soccer fields, 5 softball diamonds",0,N,N,0,0,0,N,N,0,0,0,0,N,N,N,N,N,N,N,0,0,N,N,N,N,N,N,N,N,N,0,0,0,N,N,0,N,0,0,N,0,0,0,0,Y,0,Y,N,N,N,N,N,N,N,N,Y,N,N,N
Mount Pleasant Outdoor Pool,Outdoor Pool,,630 22 AV NW,COSPA,Not-for-Profit,Parks,COSPA,Mount Pleasant Outdoor Pool,https://mpca.ca/outdoor-pool/,403-221-4288,Free form pool,0,N,N,0,0,0,N,Y,0,0,0,0,N,N,Y,N,N,N,N,0,0,N,N,N,N,N,N,N,N,N,0,0,0,N,N,0,N,0,0,N,0,0,0,0,N,0,N,N,N,N,N,N,N,N,N,Y,Y,N,N
Rotary Challenger Park,Athletic Park,,3688 48 AV NE,CRCPS,Not-for-Profit,Calgary Rotary Challenger Park Society,Calgary Rotary Challenger Park Society,Rotary Challenger Park,https://www.challengerpark.com/,403-250-2707,"Soccer pitch, 2 softball diamonds, track, 2 tennis courts, basketball court, weights",0,N,Y,0,0,0,N,N,0,0,0,0,N,N,N,N,N,N,N,0,0,N,N,N,N,N,N,N,N,N,0,0,0,N,N,0,N,0,0,N,0,0,0,2,Y,0,Y,Y,N,N,N,N,N,N,N,N,Y,N,Y
Optimist and George Blundun Arenas,Arena,,5020 26 AV SW,Recreation,Municipal,Recreation,Recreation,George Blundun Arena,https://www.calgary.ca/csps/recreation/arenas/George-Blunden.html,311,185'x85' ice rink (200 seat cap),0,N,N,0,0,0,N,N,0,0,0,0,N,N,N,N,N,N,N,0,0,N,N,N,N,N,N,N,N,Y,1,0,0,N,N,0,N,0,0,N,0,0,0,0,N,0,N,N,N,N,N,N,N,N,N,Y,N,N,N
Father David Bauer and Norma Bush Arenas,Arena,,2424 UNIVERSITY DR NW,Recreation,Municipal,Recreation,Recreation,Norma Bush Arena,https://www.calgary.ca/csps/recreation/arenas/norma-bush-arena.html,311,185'x85' ice rink (60 seat cap),0,N,N,0,0,0,N,N,0,0,0,0,N,N,N,N,N,N,N,0,0,N,N,N,N,N,N,N,N,Y,1,0,0,Y,N,0,N,0,0,N,0,0,0,0,N,0,N,N,N,N,N,N,N,N,N,Y,N,N,N
Thornhill Aquatic & Recreation Centre,Aquatic & Recreation Centre,2,6715 CENTRE ST NW,Recreation,Municipal,Recreation,Recreation,Thornhill Aquatic & Recreation Centre,https://www.calgary.ca/CSPS/Recreation/Pages/Pools/Thornhill.aspx,311,"25m pool (6 lane), 1m dive tank, hot tub, steam room, fitness/weights, fitness studio/multi-purpose room",0,N,Y,1,1,0,Y,N,1,0,0,6,N,N,N,N,Y,Y,N,0,0,N,Y,Y,N,N,N,N,N,N,0,0,0,N,N,0,N,0,0,N,0,0,0,0,N,0,N,N,N,N,N,N,N,N,N,Y,N,N,N
Olympic Plaza,Outdoor Skating Rink,,228 8 AV SE,Parks,Municipal,Facility Management,Parks,Olympic Plaza,https://www.calgary.ca/CSPS/Parks/Pages/Locations/Downtown-parks/Olympic-Plaza.aspx,,,0,N,N,0,0,0,N,N,0,0,0,0,N,N,N,N,N,N,N,0,0,N,N,N,N,N,N,N,N,N,0,0,0,N,N,0,N,0,0,N,0,0,0,0,N,0,N,N,N,N,N,N,N,N,N,Y,N,N,N
Optimist Athletic Park,Athletic Park,,5020 26 AV SW,Recreation,Municipal,Recreation,Recreation,Optimist Athletic Park,https://www.calgary.ca/CSPS/Recreation/Pages/Athletic-parks/Optimist-Athletic-Park.aspx,311,"Soccer field, 2 field hockey fields, baseball diamond, 6 softball diamonds, 2 little league diamonds",0,N,N,0,0,0,N,N,0,0,0,0,N,N,N,N,N,N,N,0,0,N,N,N,N,N,N,N,N,N,0,0,0,N,N,0,N,0,0,N,0,0,0,0,Y,0,Y,N,N,N,N,N,N,N,N,Y,N,N,N
Genesis Centre of Community Wellness,Leisure Centre,,7556 FALCONRIDGE BV NE,Genesis,Not-for-Profit,Recreation,North East Centre of Community Society,Genesis Centre of Community Wellness,https://www.genesis-centre.ca/,403-590-2833,"2 field houses (1 dry pad), gym, 2 multi-purpose rooms, soccer pitches",4,N,N,0,2,0,N,N,0,0,0,0,N,N,N,N,N,N,N,0,0,N,N,N,N,N,N,N,N,N,0,0,0,N,N,0,Y,0,2,N,0,0,0,0,Y,0,N,N,N,N,N,N,N,N,N,N,Y,N,N
Southland Leisure Centre,Leisure Centre - Municipal,,2000 SOUTHLAND DR SW,Recreation,Municipal,Recreation,Recreation,Southland Leisure Centre,https://www.calgary.ca/CSPS/Recreation/Pages/Leisure-centres/Southland.aspx,403-648-6555,"2 ice rinks, wave pool, slides, fitness/weights, racquet ball, squash, gym, climbing wall, gymnastics, hot tub, steam room",2,Y,Y,1,0,0,Y,N,0,0,0,0,N,Y,N,N,N,N,N,0,1,N,Y,Y,N,Y,N,N,N,N,2,0,0,N,N,0,Y,0,2,Y,3,2,0,0,N,0,N,N,N,N,N,N,N,N,N,Y,N,N,N
Calgary Soccer Centre,Soccer Centre,,7000 48 ST SE,Recreation,Municipal,Parks,Recreation,Calgary Soccer Centre,https://www.calgary.ca/CSPS/Recreation/Pages/Calgary-Soccer-Centre/Calgary-Soccer-Centre.aspx,403-279-8445,"8 indoor regulation fields, 3 outdoor turf fields, natural outdoor turf field",0,N,N,0,0,0,N,N,0,0,0,0,N,N,N,N,N,N,N,0,0,N,N,N,N,N,N,N,N,N,0,0,0,N,N,0,Y,8,0,N,0,0,0,0,Y,3,N,N,N,N,N,N,N,N,N,Y,N,N,N
North Mount Pleasant Arts Centre,Art Centre,,523 27 AV NW,Recreation,Municipal,Recreation,Recreation,North Mount Pleasant Arts Centre,https://www.calgary.ca/CSPS/Recreation/Pages/Arts-centres/North-Mount-Pleasant.aspx,403-221-3682,,0,N,N,0,0,0,N,N,0,0,0,0,N,N,N,N,N,N,N,0,0,N,N,N,N,N,N,N,N,N,0,0,0,N,N,0,N,0,0,N,0,0,0,0,N,0,N,N,N,N,N,N,N,N,N,Y,N,N,N
Westside Skatepark,Skate Park,,2200 69 ST SW,Westside Rec,Not-for-Profit,Parks,Westside Regional Recreation Society,Westside Skatepark,,,,0,N,N,0,0,0,N,N,0,0,0,0,N,N,N,N,N,N,N,0,0,N,N,N,N,N,N,N,N,N,0,0,0,N,N,0,N,0,0,N,0,0,0,0,N,0,N,N,N,N,N,N,N,N,N,N,Y,N,N
McCall Lake Golf Course,Golf Course - Municipal,,1600 32 AV NE,Recreation,Municipal,Recreation,Recreation,McCall Lake Golf Course,https://www.calgary.ca/CSPS/Recreation/Pages/Golf-courses/McCall-Lake.aspx,403-300-1005,"18 hole & 9 hole, driving range, practice putting green and chipping area",0,N,N,0,0,0,N,N,0,0,0,0,N,N,N,N,N,N,N,0,0,N,N,N,N,N,N,N,N,N,0,0,0,N,N,0,N,0,0,N,0,0,0,0,N,0,N,N,Y,N,Y,Y,Y,N,N,Y,N,N,N
Huntington Hills Skatepark,Skate Park,,CENTRE ST & 64 AV NW,Parks,Municipal,Parks,Parks,Huntington Hills Skatepark,https://www.calgary.ca/csps/recreation/skateparks.html,,,0,N,N,0,0,0,N,N,0,0,0,0,N,N,N,N,N,N,N,0,0,N,N,N,N,N,N,N,N,N,0,0,0,N,N,0,N,0,0,N,0,0,0,0,N,0,N,N,N,N,N,N,N,N,N,Y,N,N,N
Inglewood Golf & Curling Club,Golf Course - Semi-Private,,19 GOSLING WY SE,Private,Not-for-Profit,Parks,Inglewood Golf & Curling Club,Inglewood Golf & Curling Club,https://www.inglewoodgolfclub.ca/,403-272-4363,"18 hole, driving range",0,N,N,0,0,0,N,N,0,0,0,0,N,N,N,N,N,N,N,0,0,N,N,N,N,N,N,N,N,N,0,0,0,N,Y,6,N,0,0,N,0,0,0,0,N,0,N,N,N,Y,Y,N,Y,N,N,N,N,Y,Y
Saddletowne YMCA,Leisure Centre,,7556 FALCONRIDGE BV NE,YMCA,Not-for-Profit,Parks,YMCA Calgary,Saddletowne YMCA,https://www.ymcacalgary.org/program-descriptions/locations/saddletowne/,403-237-2393,"25m pool, teach pool, fitness/weights, track, gym, climbing wall, 2 fitness studios, hot tub, steam rooms",1,N,Y,2,0,0,Y,N,1,0,0,6,Y,N,N,N,N,N,N,0,0,N,Y,Y,N,Y,Y,N,N,N,0,0,0,N,N,0,N,0,0,N,0,0,0,0,N,0,N,N,N,N,N,N,N,N,N,N,Y,N,N
Bowness Park Wading Pool,Outdoor Wading Pool,,8900 48 AV NW,Parks,Municipal,Parks,Parks,Bowness Park Wading Pool,https://www.calgary.ca/CSPS/Parks/Pages/Locations/NW-parks/Bowness-Park.aspx,,,0,N,N,0,0,0,N,N,0,0,0,0,N,N,N,N,N,N,N,0,0,N,N,N,N,N,N,Y,N,N,0,0,0,N,N,0,N,0,0,N,0,0,0,0,N,0,N,N,N,N,N,N,N,N,N,Y,Y,N,N
WinSport,Arena,,88 CANADA OLYMPIC RD SW,WinSport,Not-for-Profit,WinSport,WinSport,WinSport,https://www.winsport.ca/,403-247-5452,,1,N,Y,0,0,0,N,N,0,0,0,0,N,N,N,N,N,N,N,0,0,N,N,N,N,N,N,N,N,Y,0,3,1,Y,N,0,N,0,0,N,0,0,0,0,N,0,N,N,N,N,N,N,N,N,N,N,Y,N,Y
Don Hartman North East Sportsplex,Arena,,5200 68 ST NE,NESS,Not-for-Profit,Parks,North East Sportsplex Society,Don Hartman North East Sportsplex,https://www.nesportsplex.com/,403-590-2444,"2 ice rinks, gym, fitness/weights",1,N,Y,0,0,0,N,N,0,0,0,0,N,N,N,N,N,N,N,0,0,N,N,N,N,N,N,N,N,Y,0,2,0,N,N,0,N,0,0,N,0,0,0,0,N,0,N,N,N,N,N,N,N,N,N,N,Y,N,N
Brentwood Sportsplex,Arena,,1520B NORTHMOUNT DR NW,CA,Not-for-Profit,Recreation,Brentwood CA,Brentwood Sportsplex,https://www.brentwoodcommunity.com/,403-284-3477,"Ice rink, meeting room, banquet hall",0,N,N,0,0,1,N,N,0,0,0,0,N,N,N,N,N,N,N,0,0,N,N,N,N,N,N,N,N,Y,0,1,0,N,N,0,Y,0,1,N,0,0,0,0,N,0,N,N,N,N,N,N,N,N,N,N,Y,N,N
Stu Peppard Arena,Arena,,5320 19 ST SW,Recreation,Municipal,Water Resources,Recreation,Stu Peppard Arena,https://www.calgary.ca/CSPS/Recreation/Pages/Arenas/Stu-Peppard.aspx,311,185'x85' ice rink (550 seat cap),0,N,N,0,0,0,N,N,0,0,0,0,N,N,N,N,N,N,N,0,0,N,N,N,N,N,N,N,N,Y,1,0,0,N,N,0,Y,0,1,N,0,0,0,0,N,0,N,N,N,N,N,N,N,N,N,Y,N,N,N
Shaganappi Point Golf Course,Golf Course - Municipal,,1200 26 ST SW,Recreation,Municipal,Recreation,Recreation,Shaganappi Point Golf Course,https://www.calgary.ca/CSPS/Recreation/Pages/Golf-courses/Shaganappi-Point.aspx,403-300-1007,"18 hole, 9 hole, putting green",0,N,N,0,0,0,N,N,0,0,0,0,N,N,N,N,N,N,N,0,0,N,N,N,N,N,N,N,N,N,0,0,0,N,N,0,N,0,0,N,0,0,0,0,N,0,N,N,Y,N,Y,Y,Y,N,Y,Y,N,N,N
Frank McCool Athletic Park,Athletic Park,,1900 LAKE BONAVISTA DR SE,Recreation,Municipal,Recreation,Recreation,Frank McCool Athletic Park,https://www.calgary.ca/CSPS/Recreation/Pages/Athletic-parks/Frank-McCool-Athletic-Park.aspx,311,"2 soccer fields, athletic field",0,N,N,0,0,0,N,N,0,0,0,0,N,N,N,N,N,N,N,0,0,N,N,N,N,N,N,N,N,N,0,0,0,N,N,0,N,0,0,N,0,0,0,0,Y,0,N,N,N,N,N,N,N,N,N,Y,N,N,N
Valley Ridge Golf Course,Golf Course - Semi-Private,,11618 VALLEY RIDGE PA NW,Private,Profit,Valley Ridge Golf Course,Valley Ridge Golf Course,Valley Ridge Golf Course,https://www.valleyridgegolf.com/,403-288-9457,"18 hole, driving range",0,N,N,0,0,0,N,N,0,0,0,0,N,N,N,N,N,N,N,0,0,N,N,N,N,N,N,N,N,N,0,0,0,N,N,0,N,0,0,N,0,0,0,0,N,0,N,N,N,Y,Y,N,Y,N,N,N,N,Y,Y
Mid-Sun Skatepark,Skate Park,,50 MIDPARK RI SE,Parks,Municipal,Parks,Parks,Mid-Sun Skatepark,https://www.calgary.ca/csps/recreation/skateparks.html,,,0,N,N,0,0,0,N,N,0,0,0,0,N,N,N,N,N,N,N,0,0,N,N,N,N,N,N,N,N,N,0,0,0,N,N,0,N,0,0,N,0,0,0,0,N,0,N,N,N,N,N,N,N,N,N,Y,N,N,N
Stew Hendry and Henry Viney Arenas,Arena,,810 13 AV NE,Recreation,Municipal,Recreation,Recreation,Henry Viney Arena,https://www.calgary.ca/csps/recreation/arenas/Henry-Viney-Arena.html,311,185'x85' ice rink (150 seat cap) meeting room,0,N,N,0,0,1,N,N,0,0,0,0,N,N,N,N,N,N,N,0,0,N,N,N,N,N,N,N,N,Y,1,0,0,N,N,0,N,0,0,N,0,0,0,0,N,0,N,N,N,N,N,N,N,N,N,Y,N,N,N
Murray Copot Arena,Arena,,6715 CENTRE ST NW,Recreation,Municipal,Recreation,Recreation,Murray Copot Arena,https://www.calgary.ca/CSPS/Recreation/Pages/Arenas/Murray-Copot.aspx,311,185'x85' ice rink (300 seat cap),0,N,N,0,0,0,N,N,0,0,0,0,N,N,N,N,N,N,N,0,0,N,N,N,N,N,N,N,N,Y,1,0,0,N,N,0,N,0,0,N,0,0,0,0,N,0,N,N,N,N,N,N,N,N,N,Y,N,N,N
Stanley Park Outdoor Pool & Wading Pool,Outdoor Pool,,4011 1A ST SW,COSPA,Not-for-Profit,Parks,COSPA,Stanley Park Outdoor Pool & Wading Pool,,403-221-3577,"25m pool (8 lane), wading pool, spray park",0,N,N,0,0,0,N,Y,1,0,0,8,N,N,N,N,N,N,N,0,0,N,N,N,N,N,N,Y,N,N,0,0,0,N,N,0,N,0,0,N,0,0,0,0,N,0,N,N,N,N,N,N,N,N,N,Y,Y,N,N
Jack Setters Arena,Arena,,2020 69 AV SE,CA,Not-for-Profit,Recreation,Millican Ogden CA,Jack Setters Arena,,403-236-3727,Ice rink,0,N,N,0,0,0,N,N,0,0,0,0,N,N,N,N,N,N,N,0,0,N,N,N,N,N,N,N,N,Y,1,0,0,Y,N,0,N,0,0,N,0,0,0,0,N,0,N,N,N,N,N,N,N,N,N,N,Y,N,N
Glenmore Athletic Park,Athletic Park,,5300 19 ST SW,Recreation,Municipal,Water Resources,Recreation,Glenmore Athletic Park,https://www.calgary.ca/csps/recreation/pages/athletic-parks/glenmore-athletic-park.aspx,311,"5 soccer fields, 2 softball diamonds, 1 soccer/football field, touch football field, 4 flag football or a soccer field, baseball diamond, track, velodrome, shot put",0,N,N,0,0,0,N,N,0,0,0,0,N,N,N,N,N,N,N,0,0,N,N,N,N,N,N,N,N,N,0,0,0,N,N,0,N,0,0,N,0,0,0,0,Y,0,Y,Y,N,N,N,N,N,N,N,Y,N,N,N
Canyon Meadows Aquatic & Fitness Centre,Aquatic & Fitness Centre,2,89 CANOVA RD SW,Recreation,Municipal,Recreation,Recreation,Canyon Meadows Aquatic & Fitness Centre,https://www.calgary.ca/CSPS/Recreation/Pages/Pools/Canyon-Meadows.aspx,311,"25m pool (6 lane), 1m dive tank & 1.5m slide, hot tub, steam room, fitness/weights, studio",0,N,Y,1,0,0,Y,N,1,0,0,6,N,N,N,N,Y,N,N,1,0,N,Y,Y,N,N,N,N,N,N,0,0,0,N,N,0,N,0,0,N,0,0,0,0,N,0,N,N,N,N,N,N,N,N,N,Y,N,N,N
Tom Brook Athletic Park,Athletic Park,,2000 SOUTHLAND DR SW,Recreation,Municipal,Recreation,Recreation,Tom Brook Athletic Park,https://www.calgary.ca/CSPS/Recreation/Pages/Athletic-parks/Tom-Brook-Athletic-Park.aspx,311,"Soccer field, softball diamond",0,N,N,0,0,0,N,N,0,0,0,0,N,N,N,N,N,N,N,0,0,N,N,N,N,N,N,N,N,N,0,0,0,N,N,0,N,0,0,N,0,0,0,0,Y,0,Y,N,N,N,N,N,N,N,N,Y,N,N,N
Ed Whalen and Joseph Kryczka Arenas,Arena,,2000 SOUTHLAND DR SW,Recreation,Municipal,Recreation,Recreation,Joseph Kryczka Arena,https://www.calgary.ca/csps/recreation/leisure-centres/southland/arenas-southland-leisure-centre.html,311,189'x85' ice rink (65 seat cap),0,N,N,0,0,0,N,N,0,0,0,0,N,N,N,N,N,N,N,0,0,N,N,N,N,N,N,N,N,Y,1,0,0,N,N,0,N,0,0,N,0,0,0,0,N,0,N,N,N,N,N,N,N,N,N,Y,N,N,N
Renfrew Athletic Park,Athletic Park,,810 13 AV NE,Recreation,Municipal,Recreation,Recreation,Renfrew Athletic Park,https://www.calgary.ca/CSPS/Recreation/Pages/Athletic-parks/Renfrew-Athletic-Park.aspx,311,"2 soccer fields, fenced softball diamond, enclosed lit softball diamond",0,N,N,0,0,0,N,N,0,0,0,0,N,N,N,N,N,N,N,0,0,N,N,N,N,N,N,N,N,N,0,0,0,N,N,0,N,0,0,N,0,0,0,0,Y,0,Y,N,N,N,N,N,N,N,N,Y,N,N,N
Highwood Outdoor & Wading Pool,Outdoor Pool,,20 HARLOW AV NW,COSPA,Not-for-Profit,Recreation,COSPA,Highwood Outdoor & Wading Pool,https://highwoodoutdoorpool.com/,403-221-3574,"25m pool (6 lane), wading pool",0,N,N,0,0,0,N,Y,1,0,0,6,N,N,N,N,N,N,N,0,0,N,N,N,N,N,N,Y,N,N,0,0,0,N,N,0,N,0,0,N,0,0,0,0,N,0,N,N,N,N,N,N,N,N,N,Y,Y,N,N
Acadia Aquatic & Fitness Centre,Aquatic & Fitness Centre,1,9009 FAIRMOUNT DR SE,Recreation,Municipal,Recreation,Recreation,Acadia Aquatic & Fitness Centre,https://www.calgary.ca/CSPS/Recreation/Pages/Pools/Acadia.aspx,311,"25m pool (6 lane), 2-2m slides, rope swing, fitness/weight, multi-purpose room",0,N,Y,0,1,0,Y,N,1,0,0,6,N,N,N,N,N,N,N,0,1,Y,N,N,N,N,N,N,N,N,0,0,0,N,N,0,N,0,0,N,0,0,0,0,N,0,N,N,N,N,N,N,N,N,N,Y,N,N,N
Bob Bahan Aquatic & Fitness Centre,Aquatic & Fitness Centre,2,4812 14 AV SE,Recreation,Municipal,Recreation,Recreation,Bob Bahan Aquatic & Fitness Centre,https://www.calgary.ca/CSPS/Recreation/Pages/Pools/Bob-Bahan.aspx,311,"25m pool (6 lane), 1.5m slide & 1m dive tank, hot tub, steam room, fitness/weights, studio",0,N,Y,1,0,0,Y,N,1,0,0,6,N,N,N,N,Y,Y,N,1,0,N,Y,Y,N,N,N,N,N,N,0,0,0,N,N,0,N,0,0,N,0,0,0,0,N,0,N,N,N,N,N,N,N,N,N,Y,N,N,N
Confederation Park Golf Course,Golf Course - Municipal,,3204 COLLINGWOOD DR NW,Recreation,Municipal,Recreation,Recreation,Confederation Park Golf Course,https://www.calgary.ca/CSPS/Recreation/Pages/Golf-courses/Confederation-Park.aspx,403-300-1002,"9 hole, driving range",0,N,N,0,0,0,N,N,0,0,0,0,N,N,N,N,N,N,N,0,0,N,N,N,N,N,N,N,N,N,0,0,0,N,N,0,N,0,0,N,0,0,0,0,N,0,N,N,Y,N,N,Y,Y,N,Y,Y,N,N,N
MNP Community & Sport Centre,Leisure Centre,,2225 MACLEOD TR SE,Civic Partner,Not-for-Profit,Recreation,Lindsay Park Sports Society,MNP Community & Sport Centre,https://mnpcentre.com/,403-233-8393,"2 - 50m pools, teach pool, dive tank, 5 gyms, track, fitness/weights, 2 fitness studios, racquetball, badminton, hot tub, stream room",5,N,Y,5,0,0,Y,N,0,2,0,8,Y,N,N,N,Y,Y,Y,0,0,N,Y,Y,N,N,Y,N,N,N,0,0,0,N,N,0,N,0,0,Y,0,0,10,0,N,0,N,N,N,N,N,N,N,N,N,N,Y,N,N
Bowness Park Lagoon,Outdoor Skating Rink,,8900 48 AV NW,Parks,Municipal,Parks,Parks,Bowness Park Lagoon,https://www.calgary.ca/CSPS/Parks/Pages/Locations/NW-parks/Bowness-Park.aspx,,,0,N,N,0,0,0,N,N,0,0,0,0,N,N,N,N,N,N,N,0,0,N,N,N,N,N,N,N,N,N,0,0,0,N,N,0,N,0,0,N,0,0,0,0,N,0,N,N,N,N,N,N,N,N,N,Y,N,N,N
Valleyview Spray Park,Spray Park,,28 ST SE & 30 AV SE,Parks,Municipal,Parks,Parks,Valleyview Spray Park,https://www.calgary.ca/CSPS/Parks/Pages/Locations/SE-parks/Valleyview-Park.aspx,,,0,N,N,0,0,0,N,N,0,0,0,0,N,N,N,N,N,N,N,0,0,N,N,N,N,N,N,N,Y,N,0,0,0,N,N,0,N,0,0,N,0,0,0,0,N,0,N,N,N,N,N,N,N,N,N,Y,Y,N,N
Oakridge CA,Arena,,9504 OAKFIELD DR SW,CA,Not-for-Profit,Parks,Oakridge CA,Oakridge CA,https://www.oakridgecommunity.ca/,403-238-0007,"Ice rink, squash, hall",0,N,N,0,0,0,N,N,0,0,0,0,N,N,N,N,N,N,N,0,0,N,N,N,N,N,N,N,N,Y,1,0,0,N,N,0,N,0,0,Y,1,0,0,0,N,0,N,N,N,N,N,N,N,N,N,N,Y,N,N
Village Square and Wally Kozak Arenas,Arena,,2623 56 ST NE,Recreation,Municipal,Recreation,Recreation,Village Square #1 Arena,https://www.calgary.ca/csps/recreation/leisure-centres/village-square/arenas-village-square-leisure-centre.html,311,"185'x85' ice rink, 2 meeting rooms",0,N,N,0,0,2,N,N,0,0,0,0,N,N,N,N,N,N,N,0,0,N,N,N,N,N,N,N,N,Y,1,0,0,N,N,0,N,0,0,N,0,0,0,0,N,0,N,N,N,N,N,N,N,N,N,Y,N,N,N
"Forest Lawn Outdoor Pool, Wading Pool & Spray Park",Outdoor Pool,,1706 39 ST SE,COSPA,Not-for-Profit,Recreation,COSPA,"Forest Lawn Outdoor Pool, Wading Pool & Spray Park",,403-221-3595,"25m pool (8 lane), wading pool, spray park",0,N,N,0,0,0,N,Y,1,0,0,8,N,N,N,N,N,N,N,0,0,N,N,N,N,N,N,Y,N,N,0,0,0,N,N,0,N,0,0,N,0,0,0,0,N,0,N,N,N,N,N,N,N,N,N,Y,Y,N,N
Remington YMCA in Quarry Park,Leisure Centre,,108 QUARRY PARK RD SE,YMCA,Not-for-Profit,Recreation,Remington YMCA,Remington YMCA in Quarry Park,https://www.ymcacalgary.org/program-descriptions/locations/quarry-park/,403-351-6678,"25m pool (6 lane), small leisure pool, fitness centre, fitness studios, indoor track, gym, large/small multi-purpose rooms",1,N,Y,1,2,0,Y,N,1,0,0,6,N,N,N,N,N,N,N,0,0,N,Y,Y,N,N,N,N,N,N,0,0,0,N,N,0,N,0,0,N,0,0,0,0,N,0,N,N,N,N,N,N,N,N,N,N,N,N,N
